{
  "project_info": {
    "project_number": "297629472205",
    "project_id": "finalwork-2ab52",
    "storage_bucket": "finalwork-2ab52.appspot.com"
  },
  "client": [
    {
      "client_info": {
        "mobilesdk_app_id": "1:297629472205:android:9dd6264c3a0bdf13f42084",
        "android_client_info": {
          "package_name": "com.example.finalwork"
        }
      },
      "oauth_client": [
        {
          "client_id": "297629472205-6g8i8f0boieasc6tuj0uskdt6293o087.apps.googleusercontent.com",
          "client_type": 3
        }
      ],
      "api_key": [
        {
          "current_key": "AIzaSyDNAxcJD7hc4TWkmrFWwG2sQQB58vla2N4"
        }
      ],
      "services": {
        "appinvite_service": {
          "other_platform_oauth_client": [
            {
              "client_id": "297629472205-6g8i8f0boieasc6tuj0uskdt6293o087.apps.googleusercontent.com",
              "client_type": 3
            }
          ]
        }
      }
    }
  ],
  "configuration_version": "1"
}